duplicate_group_id,journey_id,touchpoint_position,num_duplicate_records,records_examined,record_retained,reason_retained,conflicting_fields,status
1,JRN-CUST-00073,2,2,TP-0000222;TP-0000223,TP-0000222,"All copies flagged is_duplicate_flag=1 (tracking pixel double-fire, no unflagged copy to prefer). All copies are substantively identical (same channel, category, campaign, conversion status, revenue) -- differ only in touchpoint_id/session_id/timestamp. Retained the record with the lowest touchpoint_id as the deterministic, documented canonical copy; no information is lost by this choice since the discarded copy carries identical substantive data.",,RESOLVED_IDENTICAL
2,JRN-CUST-00090,2,2,TP-0000277;TP-0000278,TP-0000277,"All copies flagged is_duplicate_flag=1 (tracking pixel double-fire, no unflagged copy to prefer). All copies are substantively identical (same channel, category, campaign, conversion status, revenue) -- differ only in touchpoint_id/session_id/timestamp. Retained the record with the lowest touchpoint_id as the deterministic, documented canonical copy; no information is lost by this choice since the discarded copy carries identical substantive data.",,RESOLVED_IDENTICAL
3,JRN-CUST-00107,4,2,TP-0000330;TP-0000331,TP-0000330,"All copies flagged is_duplicate_flag=1 (tracking pixel double-fire, no unflagged copy to prefer). All copies are substantively identical (same channel, category, campaign, conversion status, revenue) -- differ only in touchpoint_id/session_id/timestamp. Retained the record with the lowest touchpoint_id as the deterministic, documented canonical copy; no information is lost by this choice since the discarded copy carries identical substantive data.",,RESOLVED_IDENTICAL
4,JRN-CUST-00164,4,2,TP-0000522;TP-0000523,TP-0000522,"All copies flagged is_duplicate_flag=1 (tracking pixel double-fire, no unflagged copy to prefer). All copies are substantively identical (same channel, category, campaign, conversion status, revenue) -- differ only in touchpoint_id/session_id/timestamp. Retained the record with the lowest touchpoint_id as the deterministic, documented canonical copy; no information is lost by this choice since the discarded copy carries identical substantive data.",,RESOLVED_IDENTICAL
5,JRN-CUST-00182,1,2,TP-0000576;TP-0000577,TP-0000576,"All copies flagged is_duplicate_flag=1 (tracking pixel double-fire, no unflagged copy to prefer). All copies are substantively identical (same channel, category, campaign, conversion status, revenue) -- differ only in touchpoint_id/session_id/timestamp. Retained the record with the lowest touchpoint_id as the deterministic, documented canonical copy; no information is lost by this choice since the discarded copy carries identical substantive data.",,RESOLVED_IDENTICAL
6,JRN-CUST-00230,1,2,TP-0000734;TP-0000735,TP-0000734,"All copies flagged is_duplicate_flag=1 (tracking pixel double-fire, no unflagged copy to prefer). All copies are substantively identical (same channel, category, campaign, conversion status, revenue) -- differ only in touchpoint_id/session_id/timestamp. Retained the record with the lowest touchpoint_id as the deterministic, documented canonical copy; no information is lost by this choice since the discarded copy carries identical substantive data.",,RESOLVED_IDENTICAL
7,JRN-CUST-00237,3,2,TP-0000762;TP-0000763,TP-0000762,"All copies flagged is_duplicate_flag=1 (tracking pixel double-fire, no unflagged copy to prefer). All copies are substantively identical (same channel, category, campaign, conversion status, revenue) -- differ only in touchpoint_id/session_id/timestamp. Retained the record with the lowest touchpoint_id as the deterministic, documented canonical copy; no information is lost by this choice since the discarded copy carries identical substantive data.",,RESOLVED_IDENTICAL
8,JRN-CUST-00243,6,2,TP-0000798;TP-0000799,TP-0000798,"All copies flagged is_duplicate_flag=1 (tracking pixel double-fire, no unflagged copy to prefer). All copies are substantively identical (same channel, category, campaign, conversion status, revenue) -- differ only in touchpoint_id/session_id/timestamp. Retained the record with the lowest touchpoint_id as the deterministic, documented canonical copy; no information is lost by this choice since the discarded copy carries identical substantive data.",,RESOLVED_IDENTICAL
9,JRN-CUST-00274,2,2,TP-0000884;TP-0000885,TP-0000884,"All copies flagged is_duplicate_flag=1 (tracking pixel double-fire, no unflagged copy to prefer). All copies are substantively identical (same channel, category, campaign, conversion status, revenue) -- differ only in touchpoint_id/session_id/timestamp. Retained the record with the lowest touchpoint_id as the deterministic, documented canonical copy; no information is lost by this choice since the discarded copy carries identical substantive data.",,RESOLVED_IDENTICAL
10,JRN-CUST-00329,2,2,TP-0001051;TP-0001052,TP-0001051,"All copies flagged is_duplicate_flag=1 (tracking pixel double-fire, no unflagged copy to prefer). All copies are substantively identical (same channel, category, campaign, conversion status, revenue) -- differ only in touchpoint_id/session_id/timestamp. Retained the record with the lowest touchpoint_id as the deterministic, documented canonical copy; no information is lost by this choice since the discarded copy carries identical substantive data.",,RESOLVED_IDENTICAL
11,JRN-CUST-00366,2,2,TP-0001183;TP-0001184,TP-0001183,"All copies flagged is_duplicate_flag=1 (tracking pixel double-fire, no unflagged copy to prefer). All copies are substantively identical (same channel, category, campaign, conversion status, revenue) -- differ only in touchpoint_id/session_id/timestamp. Retained the record with the lowest touchpoint_id as the deterministic, documented canonical copy; no information is lost by this choice since the discarded copy carries identical substantive data.",,RESOLVED_IDENTICAL
12,JRN-CUST-00367,5,2,TP-0001189;TP-0001190,TP-0001189,"All copies flagged is_duplicate_flag=1 (tracking pixel double-fire, no unflagged copy to prefer). All copies are substantively identical (same channel, category, campaign, conversion status, revenue) -- differ only in touchpoint_id/session_id/timestamp. Retained the record with the lowest touchpoint_id as the deterministic, documented canonical copy; no information is lost by this choice since the discarded copy carries identical substantive data.",,RESOLVED_IDENTICAL
13,JRN-CUST-00378,4,2,TP-0001224;TP-0001225,TP-0001224,"All copies flagged is_duplicate_flag=1 (tracking pixel double-fire, no unflagged copy to prefer). All copies are substantively identical (same channel, category, campaign, conversion status, revenue) -- differ only in touchpoint_id/session_id/timestamp. Retained the record with the lowest touchpoint_id as the deterministic, documented canonical copy; no information is lost by this choice since the discarded copy carries identical substantive data.",,RESOLVED_IDENTICAL
14,JRN-CUST-00452,2,2,TP-0001440;TP-0001441,TP-0001440,"All copies flagged is_duplicate_flag=1 (tracking pixel double-fire, no unflagged copy to prefer). All copies are substantively identical (same channel, category, campaign, conversion status, revenue) -- differ only in touchpoint_id/session_id/timestamp. Retained the record with the lowest touchpoint_id as the deterministic, documented canonical copy; no information is lost by this choice since the discarded copy carries identical substantive data.",,RESOLVED_IDENTICAL
15,JRN-CUST-00494,6,2,TP-0001584;TP-0001585,TP-0001584,"All copies flagged is_duplicate_flag=1 (tracking pixel double-fire, no unflagged copy to prefer). All copies are substantively identical (same channel, category, campaign, conversion status, revenue) -- differ only in touchpoint_id/session_id/timestamp. Retained the record with the lowest touchpoint_id as the deterministic, documented canonical copy; no information is lost by this choice since the discarded copy carries identical substantive data.",,RESOLVED_IDENTICAL
16,JRN-CUST-00518,1,2,TP-0001661;TP-0001662,TP-0001661,"All copies flagged is_duplicate_flag=1 (tracking pixel double-fire, no unflagged copy to prefer). All copies are substantively identical (same channel, category, campaign, conversion status, revenue) -- differ only in touchpoint_id/session_id/timestamp. Retained the record with the lowest touchpoint_id as the deterministic, documented canonical copy; no information is lost by this choice since the discarded copy carries identical substantive data.",,RESOLVED_IDENTICAL
17,JRN-CUST-00561,2,2,TP-0001804;TP-0001805,TP-0001804,"All copies flagged is_duplicate_flag=1 (tracking pixel double-fire, no unflagged copy to prefer). All copies are substantively identical (same channel, category, campaign, conversion status, revenue) -- differ only in touchpoint_id/session_id/timestamp. Retained the record with the lowest touchpoint_id as the deterministic, documented canonical copy; no information is lost by this choice since the discarded copy carries identical substantive data.",,RESOLVED_IDENTICAL
18,JRN-CUST-00568,1,2,TP-0001826;TP-0001827,TP-0001826,"All copies flagged is_duplicate_flag=1 (tracking pixel double-fire, no unflagged copy to prefer). All copies are substantively identical (same channel, category, campaign, conversion status, revenue) -- differ only in touchpoint_id/session_id/timestamp. Retained the record with the lowest touchpoint_id as the deterministic, documented canonical copy; no information is lost by this choice since the discarded copy carries identical substantive data.",,RESOLVED_IDENTICAL
19,JRN-CUST-00637,2,2,TP-0002026;TP-0002027,TP-0002026,"All copies flagged is_duplicate_flag=1 (tracking pixel double-fire, no unflagged copy to prefer). All copies are substantively identical (same channel, category, campaign, conversion status, revenue) -- differ only in touchpoint_id/session_id/timestamp. Retained the record with the lowest touchpoint_id as the deterministic, documented canonical copy; no information is lost by this choice since the discarded copy carries identical substantive data.",,RESOLVED_IDENTICAL
20,JRN-CUST-00668,4,2,TP-0002129;TP-0002130,TP-0002129,"All copies flagged is_duplicate_flag=1 (tracking pixel double-fire, no unflagged copy to prefer). All copies are substantively identical (same channel, category, campaign, conversion status, revenue) -- differ only in touchpoint_id/session_id/timestamp. Retained the record with the lowest touchpoint_id as the deterministic, documented canonical copy; no information is lost by this choice since the discarded copy carries identical substantive data.",,RESOLVED_IDENTICAL
21,JRN-CUST-00716,4,2,TP-0002290;TP-0002291,TP-0002290,"All copies flagged is_duplicate_flag=1 (tracking pixel double-fire, no unflagged copy to prefer). All copies are substantively identical (same channel, category, campaign, conversion status, revenue) -- differ only in touchpoint_id/session_id/timestamp. Retained the record with the lowest touchpoint_id as the deterministic, documented canonical copy; no information is lost by this choice since the discarded copy carries identical substantive data.",,RESOLVED_IDENTICAL
22,JRN-CUST-00726,1,2,TP-0002326;TP-0002327,TP-0002326,"All copies flagged is_duplicate_flag=1 (tracking pixel double-fire, no unflagged copy to prefer). All copies are substantively identical (same channel, category, campaign, conversion status, revenue) -- differ only in touchpoint_id/session_id/timestamp. Retained the record with the lowest touchpoint_id as the deterministic, documented canonical copy; no information is lost by this choice since the discarded copy carries identical substantive data.",,RESOLVED_IDENTICAL
23,JRN-CUST-00728,1,2,TP-0002329;TP-0002330,TP-0002329,"All copies flagged is_duplicate_flag=1 (tracking pixel double-fire, no unflagged copy to prefer). All copies are substantively identical (same channel, category, campaign, conversion status, revenue) -- differ only in touchpoint_id/session_id/timestamp. Retained the record with the lowest touchpoint_id as the deterministic, documented canonical copy; no information is lost by this choice since the discarded copy carries identical substantive data.",,RESOLVED_IDENTICAL
24,JRN-CUST-00781,1,2,TP-0002496;TP-0002497,TP-0002496,"All copies flagged is_duplicate_flag=1 (tracking pixel double-fire, no unflagged copy to prefer). All copies are substantively identical (same channel, category, campaign, conversion status, revenue) -- differ only in touchpoint_id/session_id/timestamp. Retained the record with the lowest touchpoint_id as the deterministic, documented canonical copy; no information is lost by this choice since the discarded copy carries identical substantive data.",,RESOLVED_IDENTICAL
25,JRN-CUST-00826,5,2,TP-0002651;TP-0002652,TP-0002651,"All copies flagged is_duplicate_flag=1 (tracking pixel double-fire, no unflagged copy to prefer). All copies are substantively identical (same channel, category, campaign, conversion status, revenue) -- differ only in touchpoint_id/session_id/timestamp. Retained the record with the lowest touchpoint_id as the deterministic, documented canonical copy; no information is lost by this choice since the discarded copy carries identical substantive data.",,RESOLVED_IDENTICAL
26,JRN-CUST-00851,3,2,TP-0002737;TP-0002738,TP-0002737,"All copies flagged is_duplicate_flag=1 (tracking pixel double-fire, no unflagged copy to prefer). All copies are substantively identical (same channel, category, campaign, conversion status, revenue) -- differ only in touchpoint_id/session_id/timestamp. Retained the record with the lowest touchpoint_id as the deterministic, documented canonical copy; no information is lost by this choice since the discarded copy carries identical substantive data.",,RESOLVED_IDENTICAL
27,JRN-CUST-00870,2,2,TP-0002801;TP-0002802,TP-0002801,"All copies flagged is_duplicate_flag=1 (tracking pixel double-fire, no unflagged copy to prefer). All copies are substantively identical (same channel, category, campaign, conversion status, revenue) -- differ only in touchpoint_id/session_id/timestamp. Retained the record with the lowest touchpoint_id as the deterministic, documented canonical copy; no information is lost by this choice since the discarded copy carries identical substantive data.",,RESOLVED_IDENTICAL
28,JRN-CUST-00972,6,2,TP-0003115;TP-0003116,TP-0003115,"All copies flagged is_duplicate_flag=1 (tracking pixel double-fire, no unflagged copy to prefer). All copies are substantively identical (same channel, category, campaign, conversion status, revenue) -- differ only in touchpoint_id/session_id/timestamp. Retained the record with the lowest touchpoint_id as the deterministic, documented canonical copy; no information is lost by this choice since the discarded copy carries identical substantive data.",,RESOLVED_IDENTICAL
29,JRN-CUST-01000,6,2,TP-0003207;TP-0003208,TP-0003207,"All copies flagged is_duplicate_flag=1 (tracking pixel double-fire, no unflagged copy to prefer). All copies are substantively identical (same channel, category, campaign, conversion status, revenue) -- differ only in touchpoint_id/session_id/timestamp. Retained the record with the lowest touchpoint_id as the deterministic, documented canonical copy; no information is lost by this choice since the discarded copy carries identical substantive data.",,RESOLVED_IDENTICAL
30,JRN-CUST-01041,2,2,TP-0003353;TP-0003354,TP-0003353,"All copies flagged is_duplicate_flag=1 (tracking pixel double-fire, no unflagged copy to prefer). All copies are substantively identical (same channel, category, campaign, conversion status, revenue) -- differ only in touchpoint_id/session_id/timestamp. Retained the record with the lowest touchpoint_id as the deterministic, documented canonical copy; no information is lost by this choice since the discarded copy carries identical substantive data.",,RESOLVED_IDENTICAL
31,JRN-CUST-01044,2,2,TP-0003369;TP-0003370,TP-0003369,"All copies flagged is_duplicate_flag=1 (tracking pixel double-fire, no unflagged copy to prefer). All copies are substantively identical (same channel, category, campaign, conversion status, revenue) -- differ only in touchpoint_id/session_id/timestamp. Retained the record with the lowest touchpoint_id as the deterministic, documented canonical copy; no information is lost by this choice since the discarded copy carries identical substantive data.",,RESOLVED_IDENTICAL
32,JRN-CUST-01155,2,2,TP-0003719;TP-0003720,TP-0003719,"All copies flagged is_duplicate_flag=1 (tracking pixel double-fire, no unflagged copy to prefer). All copies are substantively identical (same channel, category, campaign, conversion status, revenue) -- differ only in touchpoint_id/session_id/timestamp. Retained the record with the lowest touchpoint_id as the deterministic, documented canonical copy; no information is lost by this choice since the discarded copy carries identical substantive data.",,RESOLVED_IDENTICAL
33,JRN-CUST-01192,6,2,TP-0003848;TP-0003849,TP-0003848,"All copies flagged is_duplicate_flag=1 (tracking pixel double-fire, no unflagged copy to prefer). All copies are substantively identical (same channel, category, campaign, conversion status, revenue) -- differ only in touchpoint_id/session_id/timestamp. Retained the record with the lowest touchpoint_id as the deterministic, documented canonical copy; no information is lost by this choice since the discarded copy carries identical substantive data.",,RESOLVED_IDENTICAL
34,JRN-CUST-01238,5,2,TP-0003991;TP-0003992,TP-0003991,"All copies flagged is_duplicate_flag=1 (tracking pixel double-fire, no unflagged copy to prefer). All copies are substantively identical (same channel, category, campaign, conversion status, revenue) -- differ only in touchpoint_id/session_id/timestamp. Retained the record with the lowest touchpoint_id as the deterministic, documented canonical copy; no information is lost by this choice since the discarded copy carries identical substantive data.",,RESOLVED_IDENTICAL
35,JRN-CUST-01314,1,2,TP-0004242;TP-0004243,TP-0004242,"All copies flagged is_duplicate_flag=1 (tracking pixel double-fire, no unflagged copy to prefer). All copies are substantively identical (same channel, category, campaign, conversion status, revenue) -- differ only in touchpoint_id/session_id/timestamp. Retained the record with the lowest touchpoint_id as the deterministic, documented canonical copy; no information is lost by this choice since the discarded copy carries identical substantive data.",,RESOLVED_IDENTICAL
36,JRN-CUST-01321,2,2,TP-0004270;TP-0004271,TP-0004270,"All copies flagged is_duplicate_flag=1 (tracking pixel double-fire, no unflagged copy to prefer). All copies are substantively identical (same channel, category, campaign, conversion status, revenue) -- differ only in touchpoint_id/session_id/timestamp. Retained the record with the lowest touchpoint_id as the deterministic, documented canonical copy; no information is lost by this choice since the discarded copy carries identical substantive data.",,RESOLVED_IDENTICAL
37,JRN-CUST-01327,2,2,TP-0004287;TP-0004288,TP-0004287,"All copies flagged is_duplicate_flag=1 (tracking pixel double-fire, no unflagged copy to prefer). All copies are substantively identical (same channel, category, campaign, conversion status, revenue) -- differ only in touchpoint_id/session_id/timestamp. Retained the record with the lowest touchpoint_id as the deterministic, documented canonical copy; no information is lost by this choice since the discarded copy carries identical substantive data.",,RESOLVED_IDENTICAL
38,JRN-CUST-01337,7,2,TP-0004322;TP-0004323,TP-0004322,"All copies flagged is_duplicate_flag=1 (tracking pixel double-fire, no unflagged copy to prefer). All copies are substantively identical (same channel, category, campaign, conversion status, revenue) -- differ only in touchpoint_id/session_id/timestamp. Retained the record with the lowest touchpoint_id as the deterministic, documented canonical copy; no information is lost by this choice since the discarded copy carries identical substantive data.",,RESOLVED_IDENTICAL
39,JRN-CUST-01416,7,2,TP-0004568;TP-0004569,TP-0004568,"All copies flagged is_duplicate_flag=1 (tracking pixel double-fire, no unflagged copy to prefer). All copies are substantively identical (same channel, category, campaign, conversion status, revenue) -- differ only in touchpoint_id/session_id/timestamp. Retained the record with the lowest touchpoint_id as the deterministic, documented canonical copy; no information is lost by this choice since the discarded copy carries identical substantive data.",,RESOLVED_IDENTICAL
40,JRN-CUST-01438,2,2,TP-0004630;TP-0004631,TP-0004630,"All copies flagged is_duplicate_flag=1 (tracking pixel double-fire, no unflagged copy to prefer). All copies are substantively identical (same channel, category, campaign, conversion status, revenue) -- differ only in touchpoint_id/session_id/timestamp. Retained the record with the lowest touchpoint_id as the deterministic, documented canonical copy; no information is lost by this choice since the discarded copy carries identical substantive data.",,RESOLVED_IDENTICAL
41,JRN-CUST-01468,2,2,TP-0004728;TP-0004729,TP-0004728,"All copies flagged is_duplicate_flag=1 (tracking pixel double-fire, no unflagged copy to prefer). All copies are substantively identical (same channel, category, campaign, conversion status, revenue) -- differ only in touchpoint_id/session_id/timestamp. Retained the record with the lowest touchpoint_id as the deterministic, documented canonical copy; no information is lost by this choice since the discarded copy carries identical substantive data.",,RESOLVED_IDENTICAL
42,JRN-CUST-01473,2,2,TP-0004741;TP-0004742,TP-0004741,"All copies flagged is_duplicate_flag=1 (tracking pixel double-fire, no unflagged copy to prefer). All copies are substantively identical (same channel, category, campaign, conversion status, revenue) -- differ only in touchpoint_id/session_id/timestamp. Retained the record with the lowest touchpoint_id as the deterministic, documented canonical copy; no information is lost by this choice since the discarded copy carries identical substantive data.",,RESOLVED_IDENTICAL
43,JRN-CUST-01494,3,2,TP-0004820;TP-0004821,TP-0004820,"All copies flagged is_duplicate_flag=1 (tracking pixel double-fire, no unflagged copy to prefer). All copies are substantively identical (same channel, category, campaign, conversion status, revenue) -- differ only in touchpoint_id/session_id/timestamp. Retained the record with the lowest touchpoint_id as the deterministic, documented canonical copy; no information is lost by this choice since the discarded copy carries identical substantive data.",,RESOLVED_IDENTICAL
44,JRN-CUST-01543,3,2,TP-0004963;TP-0004964,TP-0004963,"All copies flagged is_duplicate_flag=1 (tracking pixel double-fire, no unflagged copy to prefer). All copies are substantively identical (same channel, category, campaign, conversion status, revenue) -- differ only in touchpoint_id/session_id/timestamp. Retained the record with the lowest touchpoint_id as the deterministic, documented canonical copy; no information is lost by this choice since the discarded copy carries identical substantive data.",,RESOLVED_IDENTICAL
45,JRN-CUST-01594,2,2,TP-0005133;TP-0005134,TP-0005133,"All copies flagged is_duplicate_flag=1 (tracking pixel double-fire, no unflagged copy to prefer). All copies are substantively identical (same channel, category, campaign, conversion status, revenue) -- differ only in touchpoint_id/session_id/timestamp. Retained the record with the lowest touchpoint_id as the deterministic, documented canonical copy; no information is lost by this choice since the discarded copy carries identical substantive data.",,RESOLVED_IDENTICAL
46,JRN-CUST-01642,2,2,TP-0005307;TP-0005308,TP-0005307,"All copies flagged is_duplicate_flag=1 (tracking pixel double-fire, no unflagged copy to prefer). All copies are substantively identical (same channel, category, campaign, conversion status, revenue) -- differ only in touchpoint_id/session_id/timestamp. Retained the record with the lowest touchpoint_id as the deterministic, documented canonical copy; no information is lost by this choice since the discarded copy carries identical substantive data.",,RESOLVED_IDENTICAL
47,JRN-CUST-01700,2,2,TP-0005481;TP-0005482,TP-0005481,"All copies flagged is_duplicate_flag=1 (tracking pixel double-fire, no unflagged copy to prefer). All copies are substantively identical (same channel, category, campaign, conversion status, revenue) -- differ only in touchpoint_id/session_id/timestamp. Retained the record with the lowest touchpoint_id as the deterministic, documented canonical copy; no information is lost by this choice since the discarded copy carries identical substantive data.",,RESOLVED_IDENTICAL
48,JRN-CUST-01709,4,2,TP-0005509;TP-0005510,TP-0005509,"All copies flagged is_duplicate_flag=1 (tracking pixel double-fire, no unflagged copy to prefer). All copies are substantively identical (same channel, category, campaign, conversion status, revenue) -- differ only in touchpoint_id/session_id/timestamp. Retained the record with the lowest touchpoint_id as the deterministic, documented canonical copy; no information is lost by this choice since the discarded copy carries identical substantive data.",,RESOLVED_IDENTICAL
49,JRN-CUST-01766,2,2,TP-0005683;TP-0005684,TP-0005683,"All copies flagged is_duplicate_flag=1 (tracking pixel double-fire, no unflagged copy to prefer). All copies are substantively identical (same channel, category, campaign, conversion status, revenue) -- differ only in touchpoint_id/session_id/timestamp. Retained the record with the lowest touchpoint_id as the deterministic, documented canonical copy; no information is lost by this choice since the discarded copy carries identical substantive data.",,RESOLVED_IDENTICAL
50,JRN-CUST-01775,1,2,TP-0005708;TP-0005709,TP-0005708,"All copies flagged is_duplicate_flag=1 (tracking pixel double-fire, no unflagged copy to prefer). All copies are substantively identical (same channel, category, campaign, conversion status, revenue) -- differ only in touchpoint_id/session_id/timestamp. Retained the record with the lowest touchpoint_id as the deterministic, documented canonical copy; no information is lost by this choice since the discarded copy carries identical substantive data.",,RESOLVED_IDENTICAL
51,JRN-CUST-01810,2,2,TP-0005814;TP-0005815,TP-0005814,"All copies flagged is_duplicate_flag=1 (tracking pixel double-fire, no unflagged copy to prefer). All copies are substantively identical (same channel, category, campaign, conversion status, revenue) -- differ only in touchpoint_id/session_id/timestamp. Retained the record with the lowest touchpoint_id as the deterministic, documented canonical copy; no information is lost by this choice since the discarded copy carries identical substantive data.",,RESOLVED_IDENTICAL
52,JRN-CUST-01954,1,2,TP-0006260;TP-0006261,TP-0006260,"All copies flagged is_duplicate_flag=1 (tracking pixel double-fire, no unflagged copy to prefer). All copies are substantively identical (same channel, category, campaign, conversion status, revenue) -- differ only in touchpoint_id/session_id/timestamp. Retained the record with the lowest touchpoint_id as the deterministic, documented canonical copy; no information is lost by this choice since the discarded copy carries identical substantive data.",,RESOLVED_IDENTICAL
53,JRN-CUST-01957,3,2,TP-0006275;TP-0006276,TP-0006275,"All copies flagged is_duplicate_flag=1 (tracking pixel double-fire, no unflagged copy to prefer). All copies are substantively identical (same channel, category, campaign, conversion status, revenue) -- differ only in touchpoint_id/session_id/timestamp. Retained the record with the lowest touchpoint_id as the deterministic, documented canonical copy; no information is lost by this choice since the discarded copy carries identical substantive data.",,RESOLVED_IDENTICAL
54,JRN-CUST-01986,1,2,TP-0006348;TP-0006349,TP-0006348,"All copies flagged is_duplicate_flag=1 (tracking pixel double-fire, no unflagged copy to prefer). All copies are substantively identical (same channel, category, campaign, conversion status, revenue) -- differ only in touchpoint_id/session_id/timestamp. Retained the record with the lowest touchpoint_id as the deterministic, documented canonical copy; no information is lost by this choice since the discarded copy carries identical substantive data.",,RESOLVED_IDENTICAL
55,JRN-CUST-02003,3,2,TP-0006401;TP-0006402,TP-0006401,"All copies flagged is_duplicate_flag=1 (tracking pixel double-fire, no unflagged copy to prefer). All copies are substantively identical (same channel, category, campaign, conversion status, revenue) -- differ only in touchpoint_id/session_id/timestamp. Retained the record with the lowest touchpoint_id as the deterministic, documented canonical copy; no information is lost by this choice since the discarded copy carries identical substantive data.",,RESOLVED_IDENTICAL
56,JRN-CUST-02054,1,2,TP-0006565;TP-0006566,TP-0006565,"All copies flagged is_duplicate_flag=1 (tracking pixel double-fire, no unflagged copy to prefer). All copies are substantively identical (same channel, category, campaign, conversion status, revenue) -- differ only in touchpoint_id/session_id/timestamp. Retained the record with the lowest touchpoint_id as the deterministic, documented canonical copy; no information is lost by this choice since the discarded copy carries identical substantive data.",,RESOLVED_IDENTICAL
57,JRN-CUST-02058,4,2,TP-0006577;TP-0006578,TP-0006577,"All copies flagged is_duplicate_flag=1 (tracking pixel double-fire, no unflagged copy to prefer). All copies are substantively identical (same channel, category, campaign, conversion status, revenue) -- differ only in touchpoint_id/session_id/timestamp. Retained the record with the lowest touchpoint_id as the deterministic, documented canonical copy; no information is lost by this choice since the discarded copy carries identical substantive data.",,RESOLVED_IDENTICAL
58,JRN-CUST-02065,2,2,TP-0006592;TP-0006593,TP-0006592,"All copies flagged is_duplicate_flag=1 (tracking pixel double-fire, no unflagged copy to prefer). All copies are substantively identical (same channel, category, campaign, conversion status, revenue) -- differ only in touchpoint_id/session_id/timestamp. Retained the record with the lowest touchpoint_id as the deterministic, documented canonical copy; no information is lost by this choice since the discarded copy carries identical substantive data.",,RESOLVED_IDENTICAL
59,JRN-CUST-02067,3,2,TP-0006602;TP-0006603,TP-0006602,"All copies flagged is_duplicate_flag=1 (tracking pixel double-fire, no unflagged copy to prefer). All copies are substantively identical (same channel, category, campaign, conversion status, revenue) -- differ only in touchpoint_id/session_id/timestamp. Retained the record with the lowest touchpoint_id as the deterministic, documented canonical copy; no information is lost by this choice since the discarded copy carries identical substantive data.",,RESOLVED_IDENTICAL
60,JRN-CUST-02196,5,2,TP-0007011;TP-0007012,TP-0007011,"All copies flagged is_duplicate_flag=1 (tracking pixel double-fire, no unflagged copy to prefer). All copies are substantively identical (same channel, category, campaign, conversion status, revenue) -- differ only in touchpoint_id/session_id/timestamp. Retained the record with the lowest touchpoint_id as the deterministic, documented canonical copy; no information is lost by this choice since the discarded copy carries identical substantive data.",,RESOLVED_IDENTICAL
61,JRN-CUST-02201,2,2,TP-0007027;TP-0007028,TP-0007027,"All copies flagged is_duplicate_flag=1 (tracking pixel double-fire, no unflagged copy to prefer). All copies are substantively identical (same channel, category, campaign, conversion status, revenue) -- differ only in touchpoint_id/session_id/timestamp. Retained the record with the lowest touchpoint_id as the deterministic, documented canonical copy; no information is lost by this choice since the discarded copy carries identical substantive data.",,RESOLVED_IDENTICAL
62,JRN-CUST-02224,1,2,TP-0007093;TP-0007094,TP-0007093,"All copies flagged is_duplicate_flag=1 (tracking pixel double-fire, no unflagged copy to prefer). All copies are substantively identical (same channel, category, campaign, conversion status, revenue) -- differ only in touchpoint_id/session_id/timestamp. Retained the record with the lowest touchpoint_id as the deterministic, documented canonical copy; no information is lost by this choice since the discarded copy carries identical substantive data.",,RESOLVED_IDENTICAL
63,JRN-CUST-02234,5,2,TP-0007134;TP-0007135,TP-0007134,"All copies flagged is_duplicate_flag=1 (tracking pixel double-fire, no unflagged copy to prefer). All copies are substantively identical (same channel, category, campaign, conversion status, revenue) -- differ only in touchpoint_id/session_id/timestamp. Retained the record with the lowest touchpoint_id as the deterministic, documented canonical copy; no information is lost by this choice since the discarded copy carries identical substantive data.",,RESOLVED_IDENTICAL
64,JRN-CUST-02235,2,2,TP-0007138;TP-0007139,TP-0007138,"All copies flagged is_duplicate_flag=1 (tracking pixel double-fire, no unflagged copy to prefer). All copies are substantively identical (same channel, category, campaign, conversion status, revenue) -- differ only in touchpoint_id/session_id/timestamp. Retained the record with the lowest touchpoint_id as the deterministic, documented canonical copy; no information is lost by this choice since the discarded copy carries identical substantive data.",,RESOLVED_IDENTICAL
65,JRN-CUST-02260,1,2,TP-0007203;TP-0007204,TP-0007203,"All copies flagged is_duplicate_flag=1 (tracking pixel double-fire, no unflagged copy to prefer). All copies are substantively identical (same channel, category, campaign, conversion status, revenue) -- differ only in touchpoint_id/session_id/timestamp. Retained the record with the lowest touchpoint_id as the deterministic, documented canonical copy; no information is lost by this choice since the discarded copy carries identical substantive data.",,RESOLVED_IDENTICAL
66,JRN-CUST-02279,4,2,TP-0007272;TP-0007273,TP-0007272,"All copies flagged is_duplicate_flag=1 (tracking pixel double-fire, no unflagged copy to prefer). All copies are substantively identical (same channel, category, campaign, conversion status, revenue) -- differ only in touchpoint_id/session_id/timestamp. Retained the record with the lowest touchpoint_id as the deterministic, documented canonical copy; no information is lost by this choice since the discarded copy carries identical substantive data.",,RESOLVED_IDENTICAL
67,JRN-CUST-02332,3,2,TP-0007430;TP-0007431,TP-0007430,"All copies flagged is_duplicate_flag=1 (tracking pixel double-fire, no unflagged copy to prefer). All copies are substantively identical (same channel, category, campaign, conversion status, revenue) -- differ only in touchpoint_id/session_id/timestamp. Retained the record with the lowest touchpoint_id as the deterministic, documented canonical copy; no information is lost by this choice since the discarded copy carries identical substantive data.",,RESOLVED_IDENTICAL
68,JRN-CUST-02392,5,2,TP-0007646;TP-0007647,TP-0007646,"All copies flagged is_duplicate_flag=1 (tracking pixel double-fire, no unflagged copy to prefer). All copies are substantively identical (same channel, category, campaign, conversion status, revenue) -- differ only in touchpoint_id/session_id/timestamp. Retained the record with the lowest touchpoint_id as the deterministic, documented canonical copy; no information is lost by this choice since the discarded copy carries identical substantive data.",,RESOLVED_IDENTICAL
69,JRN-CUST-02422,3,2,TP-0007743;TP-0007744,TP-0007743,"All copies flagged is_duplicate_flag=1 (tracking pixel double-fire, no unflagged copy to prefer). All copies are substantively identical (same channel, category, campaign, conversion status, revenue) -- differ only in touchpoint_id/session_id/timestamp. Retained the record with the lowest touchpoint_id as the deterministic, documented canonical copy; no information is lost by this choice since the discarded copy carries identical substantive data.",,RESOLVED_IDENTICAL
70,JRN-CUST-02493,5,2,TP-0007964;TP-0007965,TP-0007964,"All copies flagged is_duplicate_flag=1 (tracking pixel double-fire, no unflagged copy to prefer). All copies are substantively identical (same channel, category, campaign, conversion status, revenue) -- differ only in touchpoint_id/session_id/timestamp. Retained the record with the lowest touchpoint_id as the deterministic, documented canonical copy; no information is lost by this choice since the discarded copy carries identical substantive data.",,RESOLVED_IDENTICAL
71,JRN-CUST-02509,2,2,TP-0008019;TP-0008020,TP-0008019,"All copies flagged is_duplicate_flag=1 (tracking pixel double-fire, no unflagged copy to prefer). All copies are substantively identical (same channel, category, campaign, conversion status, revenue) -- differ only in touchpoint_id/session_id/timestamp. Retained the record with the lowest touchpoint_id as the deterministic, documented canonical copy; no information is lost by this choice since the discarded copy carries identical substantive data.",,RESOLVED_IDENTICAL
72,JRN-CUST-02529,1,2,TP-0008086;TP-0008087,TP-0008086,"All copies flagged is_duplicate_flag=1 (tracking pixel double-fire, no unflagged copy to prefer). All copies are substantively identical (same channel, category, campaign, conversion status, revenue) -- differ only in touchpoint_id/session_id/timestamp. Retained the record with the lowest touchpoint_id as the deterministic, documented canonical copy; no information is lost by this choice since the discarded copy carries identical substantive data.",,RESOLVED_IDENTICAL
73,JRN-CUST-02549,3,2,TP-0008165;TP-0008166,TP-0008165,"All copies flagged is_duplicate_flag=1 (tracking pixel double-fire, no unflagged copy to prefer). All copies are substantively identical (same channel, category, campaign, conversion status, revenue) -- differ only in touchpoint_id/session_id/timestamp. Retained the record with the lowest touchpoint_id as the deterministic, documented canonical copy; no information is lost by this choice since the discarded copy carries identical substantive data.",,RESOLVED_IDENTICAL
74,JRN-CUST-02579,1,2,TP-0008268;TP-0008269,TP-0008268,"All copies flagged is_duplicate_flag=1 (tracking pixel double-fire, no unflagged copy to prefer). All copies are substantively identical (same channel, category, campaign, conversion status, revenue) -- differ only in touchpoint_id/session_id/timestamp. Retained the record with the lowest touchpoint_id as the deterministic, documented canonical copy; no information is lost by this choice since the discarded copy carries identical substantive data.",,RESOLVED_IDENTICAL
75,JRN-CUST-02607,3,2,TP-0008361;TP-0008362,TP-0008361,"All copies flagged is_duplicate_flag=1 (tracking pixel double-fire, no unflagged copy to prefer). All copies are substantively identical (same channel, category, campaign, conversion status, revenue) -- differ only in touchpoint_id/session_id/timestamp. Retained the record with the lowest touchpoint_id as the deterministic, documented canonical copy; no information is lost by this choice since the discarded copy carries identical substantive data.",,RESOLVED_IDENTICAL
76,JRN-CUST-02631,5,2,TP-0008438;TP-0008439,TP-0008438,"All copies flagged is_duplicate_flag=1 (tracking pixel double-fire, no unflagged copy to prefer). All copies are substantively identical (same channel, category, campaign, conversion status, revenue) -- differ only in touchpoint_id/session_id/timestamp. Retained the record with the lowest touchpoint_id as the deterministic, documented canonical copy; no information is lost by this choice since the discarded copy carries identical substantive data.",,RESOLVED_IDENTICAL
77,JRN-CUST-02661,1,2,TP-0008528;TP-0008529,TP-0008528,"All copies flagged is_duplicate_flag=1 (tracking pixel double-fire, no unflagged copy to prefer). All copies are substantively identical (same channel, category, campaign, conversion status, revenue) -- differ only in touchpoint_id/session_id/timestamp. Retained the record with the lowest touchpoint_id as the deterministic, documented canonical copy; no information is lost by this choice since the discarded copy carries identical substantive data.",,RESOLVED_IDENTICAL
78,JRN-CUST-02700,6,2,TP-0008647;TP-0008648,TP-0008647,"All copies flagged is_duplicate_flag=1 (tracking pixel double-fire, no unflagged copy to prefer). All copies are substantively identical (same channel, category, campaign, conversion status, revenue) -- differ only in touchpoint_id/session_id/timestamp. Retained the record with the lowest touchpoint_id as the deterministic, documented canonical copy; no information is lost by this choice since the discarded copy carries identical substantive data.",,RESOLVED_IDENTICAL
79,JRN-CUST-02747,2,2,TP-0008811;TP-0008812,TP-0008811,"All copies flagged is_duplicate_flag=1 (tracking pixel double-fire, no unflagged copy to prefer). All copies are substantively identical (same channel, category, campaign, conversion status, revenue) -- differ only in touchpoint_id/session_id/timestamp. Retained the record with the lowest touchpoint_id as the deterministic, documented canonical copy; no information is lost by this choice since the discarded copy carries identical substantive data.",,RESOLVED_IDENTICAL
80,JRN-CUST-02787,5,2,TP-0008941;TP-0008942,TP-0008941,"All copies flagged is_duplicate_flag=1 (tracking pixel double-fire, no unflagged copy to prefer). All copies are substantively identical (same channel, category, campaign, conversion status, revenue) -- differ only in touchpoint_id/session_id/timestamp. Retained the record with the lowest touchpoint_id as the deterministic, documented canonical copy; no information is lost by this choice since the discarded copy carries identical substantive data.",,RESOLVED_IDENTICAL
81,JRN-CUST-02799,3,2,TP-0008982;TP-0008983,TP-0008982,"All copies flagged is_duplicate_flag=1 (tracking pixel double-fire, no unflagged copy to prefer). All copies are substantively identical (same channel, category, campaign, conversion status, revenue) -- differ only in touchpoint_id/session_id/timestamp. Retained the record with the lowest touchpoint_id as the deterministic, documented canonical copy; no information is lost by this choice since the discarded copy carries identical substantive data.",,RESOLVED_IDENTICAL
82,JRN-CUST-02825,2,2,TP-0009083;TP-0009084,TP-0009083,"All copies flagged is_duplicate_flag=1 (tracking pixel double-fire, no unflagged copy to prefer). All copies are substantively identical (same channel, category, campaign, conversion status, revenue) -- differ only in touchpoint_id/session_id/timestamp. Retained the record with the lowest touchpoint_id as the deterministic, documented canonical copy; no information is lost by this choice since the discarded copy carries identical substantive data.",,RESOLVED_IDENTICAL
83,JRN-CUST-02856,2,2,TP-0009176;TP-0009177,TP-0009176,"All copies flagged is_duplicate_flag=1 (tracking pixel double-fire, no unflagged copy to prefer). All copies are substantively identical (same channel, category, campaign, conversion status, revenue) -- differ only in touchpoint_id/session_id/timestamp. Retained the record with the lowest touchpoint_id as the deterministic, documented canonical copy; no information is lost by this choice since the discarded copy carries identical substantive data.",,RESOLVED_IDENTICAL
84,JRN-CUST-03023,1,2,TP-0009719;TP-0009720,TP-0009719,"All copies flagged is_duplicate_flag=1 (tracking pixel double-fire, no unflagged copy to prefer). All copies are substantively identical (same channel, category, campaign, conversion status, revenue) -- differ only in touchpoint_id/session_id/timestamp. Retained the record with the lowest touchpoint_id as the deterministic, documented canonical copy; no information is lost by this choice since the discarded copy carries identical substantive data.",,RESOLVED_IDENTICAL
85,JRN-CUST-03054,5,2,TP-0009827;TP-0009828,TP-0009827,"All copies flagged is_duplicate_flag=1 (tracking pixel double-fire, no unflagged copy to prefer). All copies are substantively identical (same channel, category, campaign, conversion status, revenue) -- differ only in touchpoint_id/session_id/timestamp. Retained the record with the lowest touchpoint_id as the deterministic, documented canonical copy; no information is lost by this choice since the discarded copy carries identical substantive data.",,RESOLVED_IDENTICAL
86,JRN-CUST-03075,2,2,TP-0009890;TP-0009891,TP-0009890,"All copies flagged is_duplicate_flag=1 (tracking pixel double-fire, no unflagged copy to prefer). All copies are substantively identical (same channel, category, campaign, conversion status, revenue) -- differ only in touchpoint_id/session_id/timestamp. Retained the record with the lowest touchpoint_id as the deterministic, documented canonical copy; no information is lost by this choice since the discarded copy carries identical substantive data.",,RESOLVED_IDENTICAL
87,JRN-CUST-03102,1,2,TP-0009979;TP-0009980,TP-0009979,"All copies flagged is_duplicate_flag=1 (tracking pixel double-fire, no unflagged copy to prefer). All copies are substantively identical (same channel, category, campaign, conversion status, revenue) -- differ only in touchpoint_id/session_id/timestamp. Retained the record with the lowest touchpoint_id as the deterministic, documented canonical copy; no information is lost by this choice since the discarded copy carries identical substantive data.",,RESOLVED_IDENTICAL
88,JRN-CUST-03111,4,2,TP-0010008;TP-0010009,TP-0010008,"All copies flagged is_duplicate_flag=1 (tracking pixel double-fire, no unflagged copy to prefer). All copies are substantively identical (same channel, category, campaign, conversion status, revenue) -- differ only in touchpoint_id/session_id/timestamp. Retained the record with the lowest touchpoint_id as the deterministic, documented canonical copy; no information is lost by this choice since the discarded copy carries identical substantive data.",,RESOLVED_IDENTICAL
89,JRN-CUST-03175,2,2,TP-0010209;TP-0010210,TP-0010209,"All copies flagged is_duplicate_flag=1 (tracking pixel double-fire, no unflagged copy to prefer). All copies are substantively identical (same channel, category, campaign, conversion status, revenue) -- differ only in touchpoint_id/session_id/timestamp. Retained the record with the lowest touchpoint_id as the deterministic, documented canonical copy; no information is lost by this choice since the discarded copy carries identical substantive data.",,RESOLVED_IDENTICAL
90,JRN-CUST-03196,7,2,TP-0010282;TP-0010283,TP-0010282,"All copies flagged is_duplicate_flag=1 (tracking pixel double-fire, no unflagged copy to prefer). All copies are substantively identical (same channel, category, campaign, conversion status, revenue) -- differ only in touchpoint_id/session_id/timestamp. Retained the record with the lowest touchpoint_id as the deterministic, documented canonical copy; no information is lost by this choice since the discarded copy carries identical substantive data.",,RESOLVED_IDENTICAL
91,JRN-CUST-03228,1,2,TP-0010383;TP-0010384,TP-0010383,"All copies flagged is_duplicate_flag=1 (tracking pixel double-fire, no unflagged copy to prefer). All copies are substantively identical (same channel, category, campaign, conversion status, revenue) -- differ only in touchpoint_id/session_id/timestamp. Retained the record with the lowest touchpoint_id as the deterministic, documented canonical copy; no information is lost by this choice since the discarded copy carries identical substantive data.",,RESOLVED_IDENTICAL
92,JRN-CUST-03236,3,2,TP-0010408;TP-0010409,TP-0010408,"All copies flagged is_duplicate_flag=1 (tracking pixel double-fire, no unflagged copy to prefer). All copies are substantively identical (same channel, category, campaign, conversion status, revenue) -- differ only in touchpoint_id/session_id/timestamp. Retained the record with the lowest touchpoint_id as the deterministic, documented canonical copy; no information is lost by this choice since the discarded copy carries identical substantive data.",,RESOLVED_IDENTICAL
93,JRN-CUST-03277,1,2,TP-0010557;TP-0010558,TP-0010557,"All copies flagged is_duplicate_flag=1 (tracking pixel double-fire, no unflagged copy to prefer). All copies are substantively identical (same channel, category, campaign, conversion status, revenue) -- differ only in touchpoint_id/session_id/timestamp. Retained the record with the lowest touchpoint_id as the deterministic, documented canonical copy; no information is lost by this choice since the discarded copy carries identical substantive data.",,RESOLVED_IDENTICAL
94,JRN-CUST-03314,3,2,TP-0010675;TP-0010676,TP-0010675,"All copies flagged is_duplicate_flag=1 (tracking pixel double-fire, no unflagged copy to prefer). All copies are substantively identical (same channel, category, campaign, conversion status, revenue) -- differ only in touchpoint_id/session_id/timestamp. Retained the record with the lowest touchpoint_id as the deterministic, documented canonical copy; no information is lost by this choice since the discarded copy carries identical substantive data.",,RESOLVED_IDENTICAL
95,JRN-CUST-03330,1,2,TP-0010732;TP-0010733,TP-0010732,"All copies flagged is_duplicate_flag=1 (tracking pixel double-fire, no unflagged copy to prefer). All copies are substantively identical (same channel, category, campaign, conversion status, revenue) -- differ only in touchpoint_id/session_id/timestamp. Retained the record with the lowest touchpoint_id as the deterministic, documented canonical copy; no information is lost by this choice since the discarded copy carries identical substantive data.",,RESOLVED_IDENTICAL
96,JRN-CUST-03337,2,2,TP-0010763;TP-0010764,TP-0010763,"All copies flagged is_duplicate_flag=1 (tracking pixel double-fire, no unflagged copy to prefer). All copies are substantively identical (same channel, category, campaign, conversion status, revenue) -- differ only in touchpoint_id/session_id/timestamp. Retained the record with the lowest touchpoint_id as the deterministic, documented canonical copy; no information is lost by this choice since the discarded copy carries identical substantive data.",,RESOLVED_IDENTICAL
97,JRN-CUST-03343,2,2,TP-0010782;TP-0010783,TP-0010782,"All copies flagged is_duplicate_flag=1 (tracking pixel double-fire, no unflagged copy to prefer). All copies are substantively identical (same channel, category, campaign, conversion status, revenue) -- differ only in touchpoint_id/session_id/timestamp. Retained the record with the lowest touchpoint_id as the deterministic, documented canonical copy; no information is lost by this choice since the discarded copy carries identical substantive data.",,RESOLVED_IDENTICAL
98,JRN-CUST-03369,1,2,TP-0010871;TP-0010872,TP-0010871,"All copies flagged is_duplicate_flag=1 (tracking pixel double-fire, no unflagged copy to prefer). All copies are substantively identical (same channel, category, campaign, conversion status, revenue) -- differ only in touchpoint_id/session_id/timestamp. Retained the record with the lowest touchpoint_id as the deterministic, documented canonical copy; no information is lost by this choice since the discarded copy carries identical substantive data.",,RESOLVED_IDENTICAL
99,JRN-CUST-03378,4,2,TP-0010898;TP-0010899,TP-0010898,"All copies flagged is_duplicate_flag=1 (tracking pixel double-fire, no unflagged copy to prefer). All copies are substantively identical (same channel, category, campaign, conversion status, revenue) -- differ only in touchpoint_id/session_id/timestamp. Retained the record with the lowest touchpoint_id as the deterministic, documented canonical copy; no information is lost by this choice since the discarded copy carries identical substantive data.",,RESOLVED_IDENTICAL
